order_index,episode_id,mode,condition_id,trial_index,initial_state_index,policy_episode_seed,policy_seed_protocol,schedule_status,selected_attempt_number,selected_attempt_valid,metrics_available,success,termination_reason,control_steps,logged_steps,simulated_duration_seconds,raw_simulated_duration_seconds,wall_control_duration_seconds,wall_total_duration_seconds,wall_simulation_ratio,human_active_steps,human_active_duration_seconds,human_active_fraction,correction_segments,translation_magnitude_mean,translation_magnitude_active_mean,translation_magnitude_max,rotation_magnitude_mean,rotation_magnitude_active_mean,rotation_magnitude_max,policy_wait_ticks,policy_wait_events,policy_wait_duration_seconds,policy_wait_wall_seconds,policy_wait_fraction,human_active_policy_wait_ticks,human_active_policy_wait_seconds,human_active_policy_wait_fraction,inference_count,inference_latency_mean_seconds,inference_latency_median_seconds,inference_latency_sd_seconds,inference_latency_min_seconds,inference_latency_max_seconds,inference_latency_p90_seconds,summary_path
0,trial_000__condition_nominal__mode_autonomous,autonomous,nominal,0,0,1594108130,saps-policy-seed-v1,completed,1,1,1,1,success,151,151,7.55,7.55,3.988444762999279,6.712133477998577,0.5282708295363284,0,0.0,0.0,0,,,,,,,0,0,0.0,0.0,0.0,0,0.0,0.0,31,0.09096777658076814,0.09071164399938425,0.001072186883494624,0.08974317200045334,0.09404656300102943,0.09233686500010663,outputs/gate2_autonomous_pilot_v2/nominal/task_01/init_000/trial_000/summary.json
1,trial_000__condition_p02__mode_autonomous,autonomous,p02,0,0,1805589632,saps-policy-seed-v1,completed,1,1,1,1,success,235,235,11.75,11.75,5.98522411399972,6.563122651998128,0.5093807756595506,0,0.0,0.0,0,,,,,,,0,0,0.0,0.0,0.0,0,0.0,0.0,47,0.09055457253209093,0.0904481500001566,0.0008412956603075472,0.08939407800062327,0.09470368199981749,0.09134601620098692,outputs/gate2_autonomous_pilot_v2/p02/task_01/init_000/trial_000/summary.json
2,trial_000__condition_p06__mode_autonomous,autonomous,p06,0,0,531065419,saps-policy-seed-v1,completed,1,1,1,0,timeout,280,280,14.0,14.0,7.332333014997857,7.896198867001658,0.5237380724998469,0,0.0,0.0,0,,,,,,,0,0,0.0,0.0,0.0,0,0.0,0.0,56,0.09325293924991586,0.09182322800188558,0.0032655598045328665,0.08990406199882273,0.10261959200215642,0.09809421049976663,outputs/gate2_autonomous_pilot_v2/p06/task_01/init_000/trial_000/summary.json
3,trial_000__condition_p09__mode_autonomous,autonomous,p09,0,0,820753697,saps-policy-seed-v1,completed,1,1,1,0,timeout,280,280,14.0,14.0,7.961343990002206,8.498449916998652,0.5686674278573004,0,0.0,0.0,0,,,,,,,0,0,0.0,0.0,0.0,0,0.0,0.0,56,0.09207971608917173,0.09143684450100409,0.0018150719259235819,0.08986604100209661,0.09733142799814232,0.09447240400186274,outputs/gate2_autonomous_pilot_v2/p09/task_01/init_000/trial_000/summary.json
4,trial_001__condition_p02__mode_autonomous,autonomous,p02,1,0,1280121721,saps-policy-seed-v1,completed,1,1,1,1,success,243,243,12.15,12.15,6.299174124000274,6.859585802998481,0.5184505451852077,0,0.0,0.0,0,,,,,,,0,0,0.0,0.0,0.0,0,0.0,0.0,49,0.09132053500025923,0.09126975699837203,0.001053061829804774,0.08954399799767998,0.09453559800022049,0.09250262999921688,outputs/gate2_autonomous_pilot_v2/p02/task_01/init_000/trial_001/summary.json
5,trial_001__condition_p06__mode_autonomous,autonomous,p06,1,0,1630501309,saps-policy-seed-v1,completed,1,1,1,1,success,263,263,13.15,13.15,6.832486650997453,7.384346388000267,0.5195807339161561,0,0.0,0.0,0,,,,,,,0,0,0.0,0.0,0.0,0,0.0,0.0,53,0.09130289073601609,0.0909952539986989,0.0011170807736220864,0.08962988900020719,0.09439809999821591,0.09250498219917062,outputs/gate2_autonomous_pilot_v2/p06/task_01/init_000/trial_001/summary.json
6,trial_001__condition_p09__mode_autonomous,autonomous,p09,1,0,279031833,saps-policy-seed-v1,completed,1,1,1,0,timeout,280,280,14.0,14.0,7.419596157000342,7.976654971000244,0.529971154071453,0,0.0,0.0,0,,,,,,,0,0,0.0,0.0,0.0,0,0.0,0.0,56,0.0908839132319242,0.09074832149963186,0.001003146641017732,0.08938445999956457,0.09434731500005,0.0921407565001573,outputs/gate2_autonomous_pilot_v2/p09/task_01/init_000/trial_001/summary.json
7,trial_001__condition_nominal__mode_autonomous,autonomous,nominal,1,0,252540981,saps-policy-seed-v1,completed,1,1,1,1,success,123,123,6.15,6.15,3.2137321480004175,3.753804021001997,0.5225580728455963,0,0.0,0.0,0,,,,,,,0,0,0.0,0.0,0.0,0,0.0,0.0,25,0.0911204341200937,0.0909968560008565,0.001063460124802724,0.0897213889984414,0.09343523799907416,0.09243122200059588,outputs/gate2_autonomous_pilot_v2/nominal/task_01/init_000/trial_001/summary.json
8,trial_002__condition_p06__mode_autonomous,autonomous,p06,2,0,328150321,saps-policy-seed-v1,completed,1,1,1,0,timeout,280,280,14.0,14.0,7.26838810299887,7.806977971999004,0.5191705787856336,0,0.0,0.0,0,,,,,,,0,0,0.0,0.0,0.0,0,0.0,0.0,56,0.09090616339296632,0.09084021849957935,0.0008455983345721427,0.08965918300236808,0.09439692800151533,0.09181253699898662,outputs/gate2_autonomous_pilot_v2/p06/task_01/init_000/trial_002/summary.json
9,trial_002__condition_p09__mode_autonomous,autonomous,p09,2,0,842708994,saps-policy-seed-v1,completed,1,1,1,0,timeout,280,280,14.0,14.0,7.9801749539983575,8.541637673999503,0.5700124967141684,0,0.0,0.0,0,,,,,,,0,0,0.0,0.0,0.0,0,0.0,0.0,56,0.09081605992858906,0.09057396499883907,0.0008948778919809342,0.0894438609975623,0.0936241119998158,0.09186511050029367,outputs/gate2_autonomous_pilot_v2/p09/task_01/init_000/trial_002/summary.json
10,trial_002__condition_nominal__mode_autonomous,autonomous,nominal,2,0,846374469,saps-policy-seed-v1,completed,1,1,1,1,success,124,124,6.2,6.2,3.2250218260014663,3.7780932360001316,0.5201648106453978,0,0.0,0.0,0,,,,,,,0,0,0.0,0.0,0.0,0,0.0,0.0,25,0.09131538660061779,0.09123433000058867,0.0010034697570588725,0.09009752299971296,0.09517409200270777,0.0921397682010138,outputs/gate2_autonomous_pilot_v2/nominal/task_01/init_000/trial_002/summary.json
11,trial_002__condition_p02__mode_autonomous,autonomous,p02,2,0,762959635,saps-policy-seed-v1,completed,1,1,1,1,success,261,261,13.05,13.05,6.759804867997445,7.304113082002004,0.517992710191375,0,0.0,0.0,0,,,,,,,0,0,0.0,0.0,0.0,0,0.0,0.0,53,0.09077687556604154,0.09064471699821297,0.001043721874140313,0.08949274199767387,0.09386142500079586,0.0924429354025051,outputs/gate2_autonomous_pilot_v2/p02/task_01/init_000/trial_002/summary.json
12,trial_003__condition_p09__mode_autonomous,autonomous,p09,3,0,409407624,saps-policy-seed-v1,completed,1,1,1,0,timeout,280,280,14.0,14.0,7.558536550001008,8.125001999000233,0.5398954678572149,0,0.0,0.0,0,,,,,,,0,0,0.0,0.0,0.0,0,0.0,0.0,56,0.09069414624998119,0.09059892100049183,0.0008163179165580233,0.08957264100172324,0.09311231300307554,0.09192661549968761,outputs/gate2_autonomous_pilot_v2/p09/task_01/init_000/trial_003/summary.json
13,trial_003__condition_nominal__mode_autonomous,autonomous,nominal,3,0,1367343007,saps-policy-seed-v1,completed,1,1,1,1,success,150,150,7.5,7.5,3.8672067539991986,4.433861646000878,0.5156275671998931,0,0.0,0.0,0,,,,,,,0,0,0.0,0.0,0.0,0,0.0,0.0,30,0.09111054160008886,0.09087507799995365,0.0009986490153316829,0.08977990900166333,0.09479843799999799,0.09204076570058532,outputs/gate2_autonomous_pilot_v2/nominal/task_01/init_000/trial_003/summary.json
14,trial_003__condition_p02__mode_autonomous,autonomous,p02,3,0,1694273979,saps-policy-seed-v1,completed,1,1,1,1,success,216,216,10.8,10.8,5.61095063799803,6.161379141998623,0.519532466481299,0,0.0,0.0,0,,,,,,,0,0,0.0,0.0,0.0,0,0.0,0.0,44,0.0909967602953078,0.09081653300017933,0.0008122174608395117,0.08970435799710685,0.09416430100100115,0.09186960449951584,outputs/gate2_autonomous_pilot_v2/p02/task_01/init_000/trial_003/summary.json
15,trial_003__condition_p06__mode_autonomous,autonomous,p06,3,0,427257404,saps-policy-seed-v1,completed,1,1,1,0,timeout,280,280,14.0,14.0,7.195274308996886,7.747323774998222,0.513948164928349,0,0.0,0.0,0,,,,,,,0,0,0.0,0.0,0.0,0,0.0,0.0,56,0.09049325510724364,0.09029368000119575,0.000689009735527921,0.08951308999894536,0.09224601200185134,0.09139602200048103,outputs/gate2_autonomous_pilot_v2/p06/task_01/init_000/trial_003/summary.json
16,trial_004__condition_nominal__mode_autonomous,autonomous,nominal,4,0,1611811172,saps-policy-seed-v1,completed,1,1,1,1,success,123,123,6.15,6.15,3.212511646997882,3.767495501000667,0.5223596173980296,0,0.0,0.0,0,,,,,,,0,0,0.0,0.0,0.0,0,0.0,0.0,25,0.09118030388024635,0.09092225499989581,0.0011674600407922569,0.0898439580014383,0.09491001700007473,0.09264852879932732,outputs/gate2_autonomous_pilot_v2/nominal/task_01/init_000/trial_004/summary.json
17,trial_004__condition_p02__mode_autonomous,autonomous,p02,4,0,1327508485,saps-policy-seed-v1,completed,1,1,1,1,success,280,280,14.0,14.0,7.161146765000012,7.7440416179997555,0.5115104832142866,0,0.0,0.0,0,,,,,,,0,0,0.0,0.0,0.0,0,0.0,0.0,56,0.09089276642842899,0.09074733299894433,0.0008962327815465092,0.08969663300013053,0.09493088500312297,0.09180151550026494,outputs/gate2_autonomous_pilot_v2/p02/task_01/init_000/trial_004/summary.json
18,trial_004__condition_p06__mode_autonomous,autonomous,p06,4,0,1893540928,saps-policy-seed-v1,completed,1,1,1,1,success,197,197,9.85,9.85,5.174897707001946,5.730514373000915,0.525370325583954,0,0.0,0.0,0,,,,,,,0,0,0.0,0.0,0.0,0,0.0,0.0,40,0.09151474242453332,0.09133172149995517,0.0008765345667020128,0.09007152399863116,0.09335161999842967,0.09300763310056936,outputs/gate2_autonomous_pilot_v2/p06/task_01/init_000/trial_004/summary.json
19,trial_004__condition_p09__mode_autonomous,autonomous,p09,4,0,185183832,saps-policy-seed-v1,completed,1,1,1,0,timeout,280,280,14.0,14.0,7.446363055998518,8.005688830999134,0.5318830754284656,0,0.0,0.0,0,,,,,,,0,0,0.0,0.0,0.0,0,0.0,0.0,56,0.0911090952320462,0.09101544450095389,0.0009008829225355327,0.0897001490011462,0.09473489900119603,0.09198062050018052,outputs/gate2_autonomous_pilot_v2/p09/task_01/init_000/trial_004/summary.json
0,trial_000__condition_p06__mode_cosine_blend,cosine_blend,p06,0,0,531065419,saps-policy-seed-v1,completed,1,1,1,1,success,200,200,10.0,10.0,13.860078412999428,29.354055645999324,1.3860078412999428,100,5.0,0.5,6,0.19331425799930205,0.3866285159986041,0.562003011445309,0.006442454456223418,0.012884908912446836,0.04049689322710037,78,39,3.9,3.899858665466306,0.2805755395683453,43,2.15,0.5512820512820513,40,0.16642011547492075,0.09520946849988832,0.4489075224814039,0.09355339499961701,2.9345682929997565,0.09879104279934836,outputs/gate2_shared_autonomy_pilot_v2/attempts/trial_000__condition_p06__mode_cosine_blend/attempt_001/cosine_blend/k_6p000/p06/task_01/init_000/trial_000/summary.json
1,trial_000__condition_nominal__mode_cosine_blend,cosine_blend,nominal,0,0,1594108130,saps-policy-seed-v1,completed,1,1,1,1,success,127,127,6.35,6.35,8.808418148000783,13.945115984999575,1.3871524642520918,28,1.4,0.2204724409448819,2,0.08565338934659214,0.3884993016791857,0.5440384000914821,0.004782617846261175,0.0216925880883989,0.04550315764496021,50,25,2.5,2.499614953994751,0.2824858757062147,10,0.5,0.2,26,0.09548598684621258,0.09490811300020141,0.0016423232197784329,0.09261471599893412,0.09927211499962141,0.09767325700158835,outputs/gate2_shared_autonomy_pilot_v2/attempts/trial_000__condition_nominal__mode_cosine_blend/attempt_001/cosine_blend/k_6p000/nominal/task_01/init_000/trial_000/summary.json
2,trial_000__condition_p09__mode_fixed_blend,fixed_blend,p09,0,0,820753697,saps-policy-seed-v1,completed,1,1,1,0,timeout,280,280,14.0,14.0,19.500115337999887,24.70731797500048,1.3928653812857061,228,11.4,0.8142857142857143,3,0.2474405202364287,0.30387432309736856,0.5510671655157043,0.034491868104843976,0.042358434514720676,0.09140966449954752,110,55,5.5,5.499723672866816,0.28205128205128205,90,4.5,0.8181818181818182,56,0.09562202876778818,0.09539459550069296,0.0012737272302761208,0.09317345899762586,0.0990776079997886,0.09703130299931217,outputs/gate2_shared_autonomy_pilot_v2/attempts/trial_000__condition_p09__mode_fixed_blend/attempt_001/fixed_blend/alpha_0p500/p09/task_01/init_000/trial_000/summary.json
3,trial_000__condition_nominal__mode_fixed_blend,fixed_blend,nominal,0,0,1594108130,saps-policy-seed-v1,completed,1,1,1,1,success,152,152,7.6,7.6,10.558099425001274,17.80499480099752,1.3892236085527991,14,0.7,0.09210526315789473,2,0.016901146808921415,0.18349816535400393,0.3709816666003086,0.004276729601660986,0.046379825561661515,0.07999999821186066,60,30,3.0,2.999518871307372,0.2830188679245283,6,0.3,0.1,31,0.0958435037098224,0.09586050399957458,0.0018075652477751024,0.09338522200050647,0.10143988600248122,0.09733718799907365,outputs/gate2_shared_autonomy_pilot_v2/attempts/trial_000__condition_nominal__mode_fixed_blend/attempt_001/fixed_blend/alpha_0p500/nominal/task_01/init_000/trial_000/summary.json
4,trial_000__condition_p09__mode_cosine_blend,cosine_blend,p09,0,0,820753697,saps-policy-seed-v1,completed,1,1,1,1,success,205,205,10.25,10.25,14.210250891999749,17.074239443001716,1.3863659406829023,154,7.7,0.751219512195122,2,0.28236500192831443,0.3758754895798991,0.5101946757275067,0.011944096007376398,0.015899608321507542,0.05465838685631752,80,40,4.0,3.9989817142486546,0.2807017543859649,58,2.9,0.725,41,0.09551650895144387,0.0950027670005511,0.001455796269741988,0.09355805400264217,0.09918017499876441,0.09842394000224886,outputs/gate2_shared_autonomy_pilot_v2/attempts/trial_000__condition_p09__mode_cosine_blend/attempt_001/cosine_blend/k_6p000/p09/task_01/init_000/trial_000/summary.json
5,trial_000__condition_p02__mode_fixed_blend,fixed_blend,p02,0,0,1805589632,saps-policy-seed-v1,completed,1,1,1,1,success,165,165,8.25,8.25,11.411504216001049,14.488438570999278,1.3832126322425513,95,4.75,0.5757575757575758,7,0.1684896487178776,0.2926399161942085,0.5394809492565525,0.014111540718421089,0.024506902856140794,0.08001889957188718,64,32,3.2,3.199558353424071,0.2794759825327511,41,2.05,0.640625,33,0.09545593578811597,0.09524577999764006,0.0015959993182774496,0.09281320799709647,0.09933271900081309,0.09771632160263835,outputs/gate2_shared_autonomy_pilot_v2/attempts/trial_000__condition_p02__mode_fixed_blend/attempt_001/fixed_blend/alpha_0p500/p02/task_01/init_000/trial_000/summary.json
6,trial_000__condition_p06__mode_fixed_blend,fixed_blend,p06,0,0,531065419,saps-policy-seed-v1,completed,1,1,1,1,success,150,150,7.5,7.5,10.359538467997481,14.70737359100167,1.3812717957329974,59,2.95,0.3933333333333333,2,0.1442016979379919,0.3666144862830302,0.4486433052232357,0.005884598189318363,0.014948209945907554,0.038432302215342336,58,29,2.9,2.9002055644989,0.27884615384615385,23,1.15,0.39655172413793105,30,0.0955177979668709,0.09531020899885334,0.0016256905499571243,0.09240097499787225,0.09947972200097865,0.09778333889953501,outputs/gate2_shared_autonomy_pilot_v2/attempts/trial_000__condition_p06__mode_fixed_blend/attempt_001/fixed_blend/alpha_0p500/p06/task_01/init_000/trial_000/summary.json
7,trial_000__condition_p02__mode_cosine_blend,cosine_blend,p02,0,0,1805589632,saps-policy-seed-v1,completed,1,1,1,1,success,226,226,11.3,11.3,15.759434341001906,18.98431805099972,1.3946402071683102,110,5.5,0.48672566371681414,6,0.1341629496700928,0.27564387841309973,0.5656854333786078,0.01667763401079866,0.03426495714945907,0.08012489590674766,90,45,4.5,4.49999380111694,0.2848101265822785,45,2.25,0.5,46,0.09531873554339615,0.09518440249848936,0.0016255001224986668,0.09188717199867824,0.09904657999868505,0.09762124299959396,outputs/gate2_shared_autonomy_pilot_v2/attempts/trial_000__condition_p02__mode_cosine_blend/attempt_001/cosine_blend/k_6p000/p02/task_01/init_000/trial_000/summary.json
8,trial_001__condition_p06__mode_cosine_blend,cosine_blend,p06,1,0,1630501309,saps-policy-seed-v1,completed,1,1,1,1,success,156,156,7.8,7.8,10.857832409001276,14.070859391998965,1.3920297960258046,91,4.55,0.5833333333333334,4,0.2180665356696693,0.3738283468622902,0.5825438057801402,0.013584348725702999,0.023287454958347997,0.0668322965502739,62,31,3.1,3.0988886833190907,0.28440366972477066,38,1.9,0.6129032258064516,32,0.09593865162526072,0.09557024249988899,0.0016150514163729562,0.09395355699962238,0.10001191400078824,0.09857340670059785,outputs/gate2_shared_autonomy_pilot_v2/attempts/trial_001__condition_p06__mode_cosine_blend/attempt_001/cosine_blend/k_6p000/p06/task_01/init_000/trial_001/summary.json
9,trial_001__condition_p02__mode_fixed_blend,fixed_blend,p02,1,0,1280121721,saps-policy-seed-v1,completed,1,1,1,1,success,158,158,7.9,7.9,10.959046085998125,14.666793986998528,1.3872210235440663,68,3.4,0.43037974683544306,3,0.12943378456153443,0.30074320530474175,0.5233810289672881,0.010958157174296908,0.02546160049321929,0.07999999821186066,62,31,3.1,3.099675464630126,0.2818181818181818,30,1.5,0.4838709677419355,32,0.09574538106267028,0.09522086200013291,0.0019077890858957653,0.09262410800147336,0.10200128599899472,0.09807536870102922,outputs/gate2_shared_autonomy_pilot_v2/attempts/trial_001__condition_p02__mode_fixed_blend/attempt_001/fixed_blend/alpha_0p500/p02/task_01/init_000/trial_001/summary.json
10,trial_001__condition_nominal__mode_fixed_blend,fixed_blend,nominal,1,0,252540981,saps-policy-seed-v1,completed,1,1,1,1,success,140,140,7.0,7.0,9.659825876002287,14.905239608997363,1.379975125143184,42,2.1,0.3,2,0.054289189741367205,0.18096396580455734,0.41782734501317054,0.016359200813225637,0.054530669377418794,0.08004666490102834,54,27,2.7,2.6988440513610836,0.27835051546391754,16,0.8,0.2962962962962963,28,0.09617698332164894,0.09571576750022359,0.0017022421519514493,0.09376812800110201,0.1000691490007739,0.09934422290061776,outputs/gate2_shared_autonomy_pilot_v2/attempts/trial_001__condition_nominal__mode_fixed_blend/attempt_001/fixed_blend/alpha_0p500/nominal/task_01/init_000/trial_001/summary.json
11,trial_001__condition_p02__mode_cosine_blend,cosine_blend,p02,1,0,1280121721,saps-policy-seed-v1,completed,1,1,1,1,success,158,158,7.9,7.9,10.957488127998658,16.00239285399948,1.3870238136707163,64,3.2,0.4050632911392405,2,0.10960966688835312,0.27059886513062176,0.4205551650189118,0.010311776442338935,0.025457198092024243,0.07378882169723511,62,31,3.1,3.0991514205932607,0.2818181818181818,27,1.35,0.43548387096774194,32,0.09558111596902563,0.09500034200027585,0.0018032015611991318,0.09328788800121401,0.10004279799977667,0.09850339399890799,outputs/gate2_shared_autonomy_pilot_v2/attempts/trial_001__condition_p02__mode_cosine_blend/attempt_001/cosine_blend/k_6p000/p02/task_01/init_000/trial_001/summary.json
12,trial_001__condition_p09__mode_cosine_blend,cosine_blend,p09,1,0,279031833,saps-policy-seed-v1,completed,1,1,1,1,success,273,273,13.65,13.65,18.95840268900065,21.951496620997204,1.3888939698901575,179,8.95,0.6556776556776557,10,0.2269144172761683,0.34607617830387677,0.5714191275854645,0.02125003207893908,0.032405102882464586,0.08022190408680395,107,54,5.35,5.348904800415034,0.28157894736842104,71,3.55,0.6635514018691588,55,0.09569190643643113,0.09553896799843642,0.0015084752869946858,0.09195444099896122,0.10015063900209498,0.09728794700131402,outputs/gate2_shared_autonomy_pilot_v2/attempts/trial_001__condition_p09__mode_cosine_blend/attempt_001/cosine_blend/k_6p000/p09/task_01/init_000/trial_001/summary.json
13,trial_001__condition_p06__mode_fixed_blend,fixed_blend,p06,1,0,1630501309,saps-policy-seed-v1,completed,1,1,1,1,success,143,143,7.15,7.15,9.908988563001913,13.180640794998908,1.3858725262939737,68,3.4,0.4755244755244755,4,0.16214616896684728,0.34098385532734055,0.45606983825051733,0.0027403629305911234,0.005755514774445916,0.04124223440885544,56,28,2.8,2.799058103561401,0.2814070351758794,26,1.3,0.4642857142857143,29,0.09582898951690556,0.0953492720000213,0.0015987128640732944,0.09408274200177402,0.10033933999875444,0.09822283780158614,outputs/gate2_shared_autonomy_pilot_v2/attempts/trial_001__condition_p06__mode_fixed_blend/attempt_001/fixed_blend/alpha_0p500/p06/task_01/init_000/trial_001/summary.json
14,trial_001__condition_nominal__mode_cosine_blend,cosine_blend,nominal,1,0,252540981,saps-policy-seed-v1,completed,1,1,1,1,success,166,166,8.3,8.3,11.558173617999273,14.956731724003475,1.3925510383131654,43,2.15,0.25903614457831325,3,0.07361936476198168,0.28420498954625484,0.4838919971449116,0.0070534940628226165,0.02722976777740824,0.08061566093122455,66,33,3.3,3.2999478816986065,0.28448275862068967,16,0.8,0.24242424242424243,34,0.09599691894115547,0.09557487799975206,0.0020119779661122686,0.09309176800161367,0.10103512099885847,0.09922162759830826,outputs/gate2_shared_autonomy_pilot_v2/attempts/trial_001__condition_nominal__mode_cosine_blend/attempt_001/cosine_blend/k_6p000/nominal/task_01/init_000/trial_001/summary.json
15,trial_001__condition_p09__mode_fixed_blend,fixed_blend,p09,1,0,279031833,saps-policy-seed-v1,completed,1,1,1,0,timeout,280,280,14.0,14.0,19.500104789000034,24.026981283001078,1.3928646277857166,217,10.85,0.775,11,0.2985458926989715,0.38522050670835034,0.5700997329409409,0.015635813372126883,0.0201740981428084,0.0831333436621526,110,55,5.5,5.499655961990351,0.28205128205128205,84,4.2,0.7636363636363637,56,0.09546675753595732,0.09531508550207946,0.0014746587410807816,0.09315105700079584,0.1008977129968116,0.09683960300026229,outputs/gate2_shared_autonomy_pilot_v2/attempts/trial_001__condition_p09__mode_fixed_blend/attempt_001/fixed_blend/alpha_0p500/p09/task_01/init_000/trial_001/summary.json
16,trial_002__condition_nominal__mode_fixed_blend,fixed_blend,nominal,2,0,846374469,saps-policy-seed-v1,completed,1,1,1,1,success,134,134,6.7,6.7,9.258481537999614,12.914544589999423,1.3818629161193454,25,1.25,0.1865671641791045,2,0.040050302937400105,0.21466962374446458,0.40917301756729907,0.006444088213820525,0.034540312826078015,0.07999999821186066,52,26,2.6,2.599612522125244,0.27956989247311825,11,0.55,0.21153846153846154,27,0.09626984237008772,0.0957764179984224,0.0021624928283830837,0.09388541900261771,0.10230634600156918,0.0993825690005906,outputs/gate2_shared_autonomy_pilot_v2/attempts/trial_002__condition_nominal__mode_fixed_blend/attempt_001/fixed_blend/alpha_0p500/nominal/task_01/init_000/trial_002/summary.json
17,trial_002__condition_p02__mode_cosine_blend,cosine_blend,p02,2,0,762959635,saps-policy-seed-v1,completed,1,1,1,0,timeout,280,280,14.0,14.0,19.450109602999873,23.221415981002792,1.3892935430714195,162,8.1,0.5785714285714286,12,0.1718744675473698,0.29706698094607126,0.5261892480650671,0.017588749232658067,0.030400307315705304,0.07999999821186066,109,55,5.45,5.449841737747187,0.2802056555269923,60,3.0,0.5504587155963303,56,0.09536171910732653,0.09497103449939459,0.0015373290878574924,0.0927457459983998,0.10035909100042772,0.09653947399965546,outputs/gate2_shared_autonomy_pilot_v2/attempts/trial_002__condition_p02__mode_cosine_blend/attempt_001/cosine_blend/k_6p000/p02/task_01/init_000/trial_002/summary.json
18,trial_002__condition_nominal__mode_cosine_blend,cosine_blend,nominal,2,0,846374469,saps-policy-seed-v1,completed,1,1,1,1,success,124,124,6.2,6.2,8.557983848000731,11.360643725001864,1.3803199754839888,18,0.9,0.14516129032258066,1,0.026589784329168024,0.1831740698231575,0.4000000059604645,0.007917465759754246,0.0545011340344621,0.07999999821186066,48,24,2.4,2.399893474578857,0.27906976744186046,6,0.3,0.125,25,0.09547177976011881,0.09495457700177212,0.0017280265023078107,0.0934964999978547,0.101245748999645,0.09744422059884528,outputs/gate2_shared_autonomy_pilot_v2/attempts/trial_002__condition_nominal__mode_cosine_blend/attempt_001/cosine_blend/k_6p000/nominal/task_01/init_000/trial_002/summary.json
19,trial_002__condition_p02__mode_fixed_blend,fixed_blend,p02,2,0,762959635,saps-policy-seed-v1,completed,1,1,1,1,success,164,164,8.2,8.2,11.358769361999293,17.642009748997225,1.3852157758535726,97,4.85,0.5914634146341463,4,0.23311988995721122,0.3941408448761097,0.5745378542168738,0.012649341069262814,0.021376269551903967,0.07627329230308533,64,32,3.2,3.197475767135619,0.2807017543859649,37,1.85,0.578125,33,0.09583035854501015,0.09547194499828038,0.0012759253536961301,0.09409909600071842,0.09915026700036833,0.09800684579968219,outputs/gate2_shared_autonomy_pilot_v2/attempts/trial_002__condition_p02__mode_fixed_blend/attempt_001/fixed_blend/alpha_0p500/p02/task_01/init_000/trial_002/summary.json
20,trial_002__condition_p09__mode_cosine_blend,cosine_blend,p09,2,0,842708994,saps-policy-seed-v1,completed,1,1,1,1,success,169,169,8.45,8.45,11.708581014998344,15.23919535299865,1.3856308893489167,113,5.65,0.6686390532544378,3,0.25858032694961625,0.3867263296857093,0.4769345228236253,0.009363415644460546,0.014003692424016214,0.06409937888383865,66,33,3.3,3.299513244628905,0.28085106382978725,44,2.2,0.6666666666666666,34,0.09563704623456835,0.09516088650161691,0.0015872482489271418,0.09381600499909837,0.09946538599979249,0.09894744539924431,outputs/gate2_shared_autonomy_pilot_v2/attempts/trial_002__condition_p09__mode_cosine_blend/attempt_001/cosine_blend/k_6p000/p09/task_01/init_000/trial_002/summary.json
21,trial_002__condition_p06__mode_cosine_blend,cosine_blend,p06,2,0,328150321,saps-policy-seed-v1,completed,1,1,1,1,success,139,139,6.95,6.95,9.609295361002296,12.434281207999447,1.382632426043496,90,4.5,0.6474820143884892,4,0.1744124916714758,0.26937040380372373,0.4658418222528732,0.02404339230861521,0.03713368367663905,0.07999999821186066,54,27,2.7,2.6994701385498043,0.27979274611398963,33,1.65,0.6111111111111112,28,0.0954555779648477,0.09530642799836642,0.0012767663920750572,0.09383728499960853,0.10004246500102454,0.0963893507996545,outputs/gate2_shared_autonomy_pilot_v2/attempts/trial_002__condition_p06__mode_cosine_blend/attempt_001/cosine_blend/k_6p000/p06/task_01/init_000/trial_002/summary.json
22,trial_002__condition_p09__mode_fixed_blend,fixed_blend,p09,2,0,842708994,saps-policy-seed-v1,completed,1,1,1,0,timeout,280,280,14.0,14.0,19.500094413000625,23.177368875996763,1.3928638866429017,248,12.4,0.8857142857142857,5,0.34061620365525946,0.38456668154626067,0.5656854333786078,0.020157687616478376,0.022758679566991714,0.0808858806323713,110,55,5.5,5.4983446598052925,0.28205128205128205,100,5.0,0.9090909090909091,56,0.09527393980358413,0.09510894249979174,0.0010524802725365697,0.09314618999997037,0.09986410000055912,0.09642311649986368,outputs/gate2_shared_autonomy_pilot_v2/attempts/trial_002__condition_p09__mode_fixed_blend/attempt_001/fixed_blend/alpha_0p500/p09/task_01/init_000/trial_002/summary.json
23,trial_002__condition_p06__mode_fixed_blend,fixed_blend,p06,2,0,328150321,saps-policy-seed-v1,completed,1,1,1,1,success,159,159,7.95,7.95,11.008515278997947,13.930650344998867,1.3847189030186098,105,5.25,0.660377358490566,4,0.19249478967656217,0.29149211008165127,0.5798847714124845,0.01754101134989796,0.026562102901274053,0.06896009937209827,62,31,3.1,3.100021648406981,0.28054298642533937,42,2.1,0.6774193548387096,32,0.09509068181228031,0.09484937100023672,0.0012679636169278458,0.09351689300092403,0.09921774000031292,0.09678337459845353,outputs/gate2_shared_autonomy_pilot_v2/attempts/trial_002__condition_p06__mode_fixed_blend/attempt_001/fixed_blend/alpha_0p500/p06/task_01/init_000/trial_002/summary.json
24,trial_003__condition_nominal__mode_cosine_blend,cosine_blend,nominal,3,0,1367343007,saps-policy-seed-v1,completed,1,1,1,1,success,131,131,6.55,6.55,9.107872247001069,11.786374920000526,1.3905148468703923,35,1.75,0.26717557251908397,2,0.09272329537734232,0.3470500484123384,0.46357878822133597,0.015708630514863757,0.05879515992706149,0.08003124090903545,52,26,2.6,2.5997457981109617,0.28415300546448086,14,0.7,0.2692307692307692,27,0.09512140340787785,0.09470217000125558,0.0014832732450579004,0.09304662200156599,0.0990675069988356,0.09644397680021939,outputs/gate2_shared_autonomy_pilot_v2/attempts/trial_003__condition_nominal__mode_cosine_blend/attempt_001/cosine_blend/k_6p000/nominal/task_01/init_000/trial_003/summary.json
25,trial_003__condition_p09__mode_fixed_blend,fixed_blend,p09,3,0,409407624,saps-policy-seed-v1,completed,1,1,1,1,success,200,200,10.0,10.0,13.859215331001906,16.91798040499998,1.3859215331001906,154,7.7,0.77,2,0.285752711288409,0.37110741725767404,0.47041889239116974,0.016618739924076704,0.02158277912217754,0.07686861739088038,78,39,3.9,3.899825286865232,0.2805755395683453,60,3.0,0.7692307692307693,40,0.09568553674980648,0.09546707549998246,0.001096873486471139,0.09411366700078361,0.09908863700184156,0.09664281499863137,outputs/gate2_shared_autonomy_pilot_v2/attempts/trial_003__condition_p09__mode_fixed_blend/attempt_001/fixed_blend/alpha_0p500/p09/task_01/init_000/trial_003/summary.json
26,trial_003__condition_p02__mode_fixed_blend,fixed_blend,p02,3,0,1694273979,saps-policy-seed-v1,completed,1,1,1,1,success,169,169,8.45,8.45,11.708153694002249,14.763645547998749,1.3855803188168343,100,5.0,0.591715976331361,5,0.22698593349600782,0.38360622760825325,0.5725805301560563,0.013788578010984756,0.02330269683856424,0.07230496917464418,66,33,3.3,3.298619651794432,0.28085106382978725,40,2.0,0.6060606060606061,34,0.09525233317649776,0.09497455749988148,0.0010249730016887936,0.0938260889997764,0.09783017199879396,0.09687065170001005,outputs/gate2_shared_autonomy_pilot_v2/attempts/trial_003__condition_p02__mode_fixed_blend/attempt_001/fixed_blend/alpha_0p500/p02/task_01/init_000/trial_003/summary.json
27,trial_003__condition_p09__mode_cosine_blend,cosine_blend,p09,3,0,409407624,saps-policy-seed-v1,completed,1,1,1,1,success,184,184,9.2,9.2,12.757937116999528,15.814099905001058,1.3867322953260357,124,6.2,0.6739130434782609,3,0.2526913223144998,0.3749613169828062,0.49193175185343024,0.007377071225600406,0.010946621818632861,0.05270361042128978,72,36,3.6,3.599269199371336,0.28125,50,2.5,0.6944444444444444,37,0.0952607798918089,0.09534416900351061,0.0012124437838327464,0.0925370369986922,0.0983687080006348,0.09638030719870586,outputs/gate2_shared_autonomy_pilot_v2/attempts/trial_003__condition_p09__mode_cosine_blend/attempt_001/cosine_blend/k_6p000/p09/task_01/init_000/trial_003/summary.json
28,trial_003__condition_p02__mode_cosine_blend,cosine_blend,p02,3,0,1694273979,saps-policy-seed-v1,completed,1,1,1,0,timeout,280,280,14.0,14.0,19.500101351997728,22.159390685999824,1.392864382285552,142,7.1,0.5071428571428571,9,0.1784421561858355,0.3518577727608024,0.5761511664065974,0.01326579993088712,0.026157915356678833,0.07999999821186066,110,55,5.5,5.4988212585449165,0.28205128205128205,54,2.7,0.4909090909090909,56,0.09537720207169643,0.09525531650069752,0.0011065113524683955,0.09352390300045954,0.09988639700168278,0.09660785799860605,outputs/gate2_shared_autonomy_pilot_v2/attempts/trial_003__condition_p02__mode_cosine_blend/attempt_001/cosine_blend/k_6p000/p02/task_01/init_000/trial_003/summary.json
29,trial_003__condition_p06__mode_fixed_blend,fixed_blend,p06,3,0,427257404,saps-policy-seed-v1,completed,1,1,1,0,timeout,280,280,14.0,14.0,19.500091148998763,22.78365405599834,1.3928636534999117,239,11.95,0.8535714285714285,2,0.2702541780711477,0.3166157734724743,0.5679736307976057,0.03178754116935863,0.03723959447788414,0.10101418324088711,110,55,5.5,5.498317718505854,0.28205128205128205,96,4.8,0.8727272727272727,56,0.09521420103620974,0.09496914050032501,0.0009208950400075213,0.09369345899904147,0.0980653290025657,0.0964211524988059,outputs/gate2_shared_autonomy_pilot_v2/attempts/trial_003__condition_p06__mode_fixed_blend/attempt_001/fixed_blend/alpha_0p500/p06/task_01/init_000/trial_003/summary.json
30,trial_003__condition_nominal__mode_fixed_blend,fixed_blend,nominal,3,0,1367343007,saps-policy-seed-v1,completed,1,1,1,1,success,135,135,6.75,6.75,9.309944033000647,12.038761579999118,1.3792509678519478,43,2.15,0.31851851851851853,2,0.10854100287855713,0.34076826485128403,0.5750546554774344,0.006358046106635136,0.01994975186008221,0.07242097832481445,52,26,2.6,2.598821449279785,0.27807486631016043,20,1.0,0.38461538461538464,27,0.09549707437044061,0.09500411100088968,0.0013223766794685447,0.09420573599709314,0.10047172999838949,0.0968279758002609,outputs/gate2_shared_autonomy_pilot_v2/attempts/trial_003__condition_nominal__mode_fixed_blend/attempt_001/fixed_blend/alpha_0p500/nominal/task_01/init_000/trial_003/summary.json
31,trial_003__condition_p06__mode_cosine_blend,cosine_blend,p06,3,0,427257404,saps-policy-seed-v1,completed,1,1,1,1,success,130,130,6.5,6.5,8.95969001299818,12.196259214000747,1.3784138481535662,81,4.05,0.6230769230769231,2,0.20580058068141313,0.33029722825411983,0.49044574332101154,0.02019130386223835,0.032405796322110936,0.08012489590674766,50,25,2.5,2.499342441558838,0.2777777777777778,33,1.65,0.66,26,0.09570752484628778,0.09551271650161652,0.0010909650704784921,0.09381733900227118,0.09928289500021492,0.09650921049978933,outputs/gate2_shared_autonomy_pilot_v2/attempts/trial_003__condition_p06__mode_cosine_blend/attempt_001/cosine_blend/k_6p000/p06/task_01/init_000/trial_003/summary.json
32,trial_004__condition_p09__mode_fixed_blend,fixed_blend,p09,4,0,185183832,saps-policy-seed-v1,completed,1,1,1,0,timeout,280,280,14.0,14.0,19.500105110997538,22.170526023001003,1.3928646507855384,244,12.2,0.8714285714285714,4,0.314393228830002,0.360779115050822,0.5110167132388611,0.024656977428043403,0.02829489213054161,0.07999999821186066,110,55,5.5,5.497881174087519,0.28205128205128205,96,4.8,0.8727272727272727,56,0.09509959024990167,0.09485044199936965,0.0008832453692991966,0.09382114500112948,0.09788200399998459,0.09609373199782567,outputs/gate2_shared_autonomy_pilot_v2/attempts/trial_004__condition_p09__mode_fixed_blend/attempt_001/fixed_blend/alpha_0p500/p09/task_01/init_000/trial_004/summary.json
33,trial_004__condition_p06__mode_fixed_blend,fixed_blend,p06,4,0,1893540928,saps-policy-seed-v1,completed,1,1,1,1,success,149,149,7.45,7.45,10.308588808002241,15.145119841999986,1.3837031957049988,33,1.65,0.2214765100671141,3,0.064359128535691,0.2905912167217563,0.40371715844401074,0.0024183076357412884,0.010919025385619757,0.03297896846169537,58,29,2.9,2.900432538986205,0.28019323671497587,14,0.7,0.2413793103448276,30,0.09525768569983484,0.09517842399873189,0.0012088879963260692,0.09301346400025068,0.09809259699977702,0.09704562480073946,outputs/gate2_shared_autonomy_pilot_v2/attempts/trial_004__condition_p06__mode_fixed_blend/attempt_001/fixed_blend/alpha_0p500/p06/task_01/init_000/trial_004/summary.json
34,trial_004__condition_nominal__mode_cosine_blend,cosine_blend,nominal,4,0,1611811172,saps-policy-seed-v1,completed,1,1,1,1,success,128,128,6.4,6.4,8.859310795000056,12.153886400999909,1.3842673117187587,30,1.5,0.234375,2,0.09074745980840435,0.3871891618491919,0.48201959591029947,0.013320884619373178,0.05683577437599222,0.07999999821186066,50,25,2.5,2.4997384548187256,0.2808988764044944,13,0.65,0.26,26,0.09558770815335894,0.09541188050025085,0.0012433819363476058,0.09355305299686734,0.09937229999923147,0.0971210739990056,outputs/gate2_shared_autonomy_pilot_v2/attempts/trial_004__condition_nominal__mode_cosine_blend/attempt_001/cosine_blend/k_6p000/nominal/task_01/init_000/trial_004/summary.json
35,trial_004__condition_p02__mode_cosine_blend,cosine_blend,p02,4,0,1327508485,saps-policy-seed-v1,completed,1,1,1,1,success,211,211,10.55,10.55,14.709443286999885,18.530846276000375,1.3942600272037806,132,6.6,0.6255924170616114,4,0.16763328624822882,0.26795926816951726,0.5558627924150465,0.029604059335127907,0.0473216403008484,0.07999999821186066,84,42,4.2,4.199614381790158,0.2847457627118644,49,2.45,0.5833333333333334,43,0.09505075820908492,0.09475382900200202,0.0010154080083036605,0.09379330199953984,0.09905765200164751,0.09621537600105512,outputs/gate2_shared_autonomy_pilot_v2/attempts/trial_004__condition_p02__mode_cosine_blend/attempt_001/cosine_blend/k_6p000/p02/task_01/init_000/trial_004/summary.json
36,trial_004__condition_nominal__mode_fixed_blend,fixed_blend,nominal,4,0,1611811172,saps-policy-seed-v1,completed,1,1,1,1,success,140,140,7.0,7.0,9.660310989002028,13.401110138001968,1.3800444270002896,27,1.35,0.19285714285714287,1,0.0736106823922819,0.38168501981183206,0.4439303937969786,0.009263632428864021,0.04803364963114678,0.08012489590674766,54,27,2.7,2.6987713336944577,0.27835051546391754,12,0.6,0.2222222222222222,28,0.09572410960663547,0.09539581500030181,0.0013036887749836034,0.09414324599856627,0.10000798900000518,0.09667346689893748,outputs/gate2_shared_autonomy_pilot_v2/attempts/trial_004__condition_nominal__mode_fixed_blend/attempt_001/fixed_blend/alpha_0p500/nominal/task_01/init_000/trial_004/summary.json
37,trial_004__condition_p02__mode_fixed_blend,fixed_blend,p02,4,0,1327508485,saps-policy-seed-v1,completed,1,1,1,1,success,159,159,7.95,7.95,11.008862386999681,14.485652110000956,1.3847625644024755,53,2.65,0.3333333333333333,4,0.06859185457886488,0.20577556373659464,0.4000000059604645,0.015291226390017692,0.045840865388663915,0.07999999821186066,62,31,3.1,3.0995977401733388,0.28054298642533937,22,1.1,0.3548387096774194,32,0.0956270445624341,0.09534411749882565,0.0013126034734781103,0.09395402100199135,0.10029268099970068,0.09674081550037954,outputs/gate2_shared_autonomy_pilot_v2/attempts/trial_004__condition_p02__mode_fixed_blend/attempt_001/fixed_blend/alpha_0p500/p02/task_01/init_000/trial_004/summary.json
38,trial_004__condition_p06__mode_cosine_blend,cosine_blend,p06,4,0,1893540928,saps-policy-seed-v1,completed,1,1,1,1,success,133,133,6.65,6.65,9.207892877999257,12.51295599399964,1.3846455455637978,64,3.2,0.48120300751879697,4,0.1624111296240752,0.33751062875003124,0.4253402256661992,0.014411311073768134,0.029921331912461505,0.07732138505151392,52,26,2.6,2.5988834381103514,0.2810810810810811,28,1.4,0.5384615384615384,27,0.09517962177792301,0.09496148700054619,0.0011371868428102644,0.0940814900022815,0.09884521200001473,0.0968149699998321,outputs/gate2_shared_autonomy_pilot_v2/attempts/trial_004__condition_p06__mode_cosine_blend/attempt_001/cosine_blend/k_6p000/p06/task_01/init_000/trial_004/summary.json
39,trial_004__condition_p09__mode_cosine_blend,cosine_blend,p09,4,0,185183832,saps-policy-seed-v1,completed,1,1,1,1,success,195,195,9.75,9.75,13.509839464000834,16.999336578999646,1.3856245604103419,136,6.8,0.6974358974358974,2,0.2709693954199201,0.38852229490356194,0.5288206313503648,0.01099983849446413,0.015771827253091952,0.05739345453010083,76,38,3.8,3.8002470970153786,0.28044280442804426,54,2.7,0.7105263157894737,39,0.09534564076929176,0.09502269999939017,0.0011190761545201097,0.09354535600141389,0.09878072100036661,0.09669399139893357,outputs/gate2_shared_autonomy_pilot_v2/attempts/trial_004__condition_p09__mode_cosine_blend/attempt_001/cosine_blend/k_6p000/p09/task_01/init_000/trial_004/summary.json
